<?xml version="1.0" encoding="UTF-8"?>
<beans:beans xmlns="http://www.springframework.org/schema/mvc"
	xmlns:xsi="http://www.w3.org/2001/XMLSchema-instance"
	xmlns:beans="http://www.springframework.org/schema/beans"
	xmlns:context="http://www.springframework.org/schema/context"
	xmlns:aop="http://www.springframework.org/schema/aop"
	xmlns:tx="http://www.springframework.org/schema/tx"
	xsi:schemaLocation="http://www.springframework.org/schema/mvc http://www.springframework.org/schema/mvc/spring-mvc.xsd
		http://www.springframework.org/schema/beans http://www.springframework.org/schema/beans/spring-beans.xsd
		http://www.springframework.org/schema/context http://www.springframework.org/schema/context/spring-context.xsd
		http://www.springframework.org/schema/aop http://www.springframework.org/schema/aop/spring-aop-4.3.xsd
		http://www.springframework.org/schema/tx http://www.springframework.org/schema/tx/spring-tx-4.3.xsd">

	<!-- DispatcherServlet Context: defines this servlet's request-processing 
		infrastructure -->

	<!-- Enables the Spring MVC @Controller programming model -->
	<annotation-driven />

	<!-- Handles HTTP GET requests for /resources/** by efficiently serving 
		up static resources in the ${webappRoot}/resources directory -->
	
	<!-- 리소스 설정 -->
	<!-- mapping : 가상 경로(상대경로), location : 리소스가 실제로 저장된 경로 -->
	<resources mapping="/resources/**" location="/resources/" />
	<resources mapping="/include/**" location="/WEB-INF/views/include/"/>
	<resources mapping="/images/**" location="/WEB-INF/views/images/"/>
	
	<!-- Resolves views selected for rendering by @Controllers to .jsp resources 
		in the /WEB-INF/views directory -->
	<beans:bean
		class="org.springframework.web.servlet.view.InternalResourceViewResolver">
		<beans:property name="prefix" value="/WEB-INF/views/" />
		<beans:property name="suffix" value=".jsp" />
	</beans:bean>
	
	<!-- namespace에서 추가시킨 뒤 AOP관련 bean추가  -->
	<aop:aspectj-autoproxy></aop:aspectj-autoproxy>

	<!-- 스프링 빈을 태그로 등록하지 않고 자동으로 검색(auto scan) --> 
	<context:component-scan base-package="com.example.spring02"/>
	

	<!-- 파일업로드를 위한 디렉토리 설정 -->
	<!-- String uploadPath = new String("업로드 경로") -->
	<beans:bean id="uploadPath" class="java.lang.String">
		<!-- constructor-arg : 생성자 매개변수 -->
		<beans:constructor-arg value="C:\\Users\\doubles\\Desktop\\workspace\\spring02\\src\\main\\resources\\upload"/>
	</beans:bean>
	
	<!-- 인터셉터 bean 설정 -->
	<!-- 테스트 bean -->
	<beans:bean id="sampleInterceptor" class="com.example.spring02.interceptor.SampleInterceptor"/>
	<!-- 사용자 세션체크 bean -->
	<beans:bean id="loginInterceptor" class="com.example.spring02.interceptor.LoginInterceptor"/>
	<!-- 관리자 세션체크 bean -->
	<beans:bean id="adminInterceptor" class="com.example.spring02.interceptor.AdminInterceptor"/>
	<!-- 인터셉터 매핑정보 -->
	<interceptors>
		<!-- 관리자 세션체크 매핑-->
		<interceptor>
			<mapping path="/shop/product/write.do"/>
			<mapping path="/shop/product/insert.do"/>
			<beans:ref bean="adminInterceptor"/>
		</interceptor>
		<!-- 사용자 세션체크 매핑 -->
		<interceptor>
			<mapping path="/board/write.do"/>
			<mapping path="/board/insert.do"/>
			<mapping path="/board/update.do"/>
			<mapping path="/board/delete.do"/>
			<mapping path="/shop/cart/insert.do"/>
			<mapping path="/shop/cart/list.do"/>
			<beans:ref bean="loginInterceptor"/>
		</interceptor>
		<!-- 테스트 매핑-->
		<interceptor>
			<mapping path="/doA"/>
			<mapping path="/doB"/>
			<!-- board 하위 url에 인터셉터 적용 -->
			<mapping path="/board/**"/>
			<!-- 적용될 인터셉터 클래스 지정 -->
			<beans:ref bean="sampleInterceptor"/>
		</interceptor>
	</interceptors>
</beans:beans>
